where was a hologram for the king filmed	"<P> Production was set to begin in first quarter of 2014 . Principal photography commenced on March 6 , 2014 in Morocco . Filming also took place in Hurghada in Egypt , as well as in Berlin and Düsseldorf in Germany . Shooting wrapped in June 2014 . </P> "	hologram for the king	filmed	"Morocco, Hurghada in Egypt, Berlin in Germany"
where was walking tall with the rock filmed	"<P> In the original film , Pusser uses a wooden club to beat the criminals . Director Kevin Bray wanted to update it by making it a baseball bat . There were objections , so the compromise was just to add a handle . Although it was filmed in Squamish , British Columbia , Canada , the setting of this 2004 film is in semi-rural Kitsap County , Washington , and not in the McNairy County , Tennessee , where Buford Pusser originally served as a sheriff . </P> "	walking tall with the rock	filmed	"Squamish, British Columbia, Canada"
where is the movie only the brave filmed	"<P> Principal photography on the film began on June 13 , 2016 , in New Mexico at different locations in and around Santa Fe and Los Alamos . </P> "	movie only the brave	filmed	New Mexico
where was the first t20 cricket match played	"<P> The first official Twenty20 matches were played on 13 June 2003 between the English counties in the Twenty20 Cup . The first season of Twenty20 in England was a relative success , with the Surrey Lions defeating the Warwickshire Bears by 9 wickets in the final to claim the title . The first Twenty20 match held at Lord 's , on 15 July 2004 between Middlesex and Surrey , attracted a crowd of 27,509 , the highest attendance for any county cricket game at the ground -- other than a one - day final -- since 1953 . </P> "	first t20 cricket match	played	Lord's
where is the snooker world open currently held	"<P> Following Barry Hearn 's takeover of the World Professional Billiards and Snooker Association , the Grand Prix was reformatted and renamed to World Open . The event gave a chance for amateurs to play alongside professionals . The amateurs had to win 3 matches to qualify for the main draw . On 9 January 2012 it was announced , that the World Open would be held in the next five years in Haikou on the Hainan Island . In November 2014 , it was announced that the tournament would not be held in the 2014 / 2015 season after the contract with the promoter was not renewed and a new venue was not found in time . The event returned in the 2016 / 2017 season . </P> "	snooker world open	held	Haikou on the Hainan Island
where does the this is us family live	"<P> Most episodes feature a storyline taking place in the present ( 2016 -- 2018 , contemporaneous with airing ) and a storyline taking place at a set time in the past ; but some episodes are set in one time period or use multiple flashback time periods . Flashbacks often focus on Jack and Rebecca c. 1980 both before and after their babies ' birth , or on the family when the Big Three are children ( at least ages 8 -- 10 ) or adolescents ; these scenes usually take place in Pittsburgh , where the Big Three are born and raised . Various other time periods and locations have also served a settings . As adults , Kate lives in Los Angeles , Randall and his family are in New Jersey , and Kevin relocates from Los Angeles to New York City . </P> "	this is us family	live	"Los Angeles, New Jersey, New York City"
where was foo fighters one of these days video filmed	"<P> The official video was released on January 30 , 2012 . The video featured live shots from their June 2011 Milton Keynes performances , Australian and New Zealand tour . It was directed by Wayne Isham . </P> "	foo fighters one of these days video	filmed	"Milton Keynes performances, Australian and New Zealand tour"
where was the film coming home for christmas filmed	"<P> Filming took place in British Columbia , in the Abbotsford , Vancouver and Langley areas in August 2017 , with a mansion in the Aldergrove area of Langely serving as the property at the centre of the story . </P> "	film coming home for christmas	filmed	"British Columbia, in the Abbotsford, Vancouver and Langley areas"
where does trick or treat for unicef money go	"<P> In 1953 , the United States Committee for UNICEF , now called the U.S. Fund for UNICEF , started actively promoting the program . By the 1960s , the concept had expanded throughout the United States , with small orange collection boxes distributed to millions of trick - or - treaters . When UNICEF won the Nobel Peace Prize in 1965 , U.S. President Lyndon B. Johnson said in his congratulatory letter : `` Your UNICEF Trick or Treat Day has helped turn a holiday too often marred by youthful vandalism into a program of basic training in world citizenship . '' In 1967 , Johnson declared Halloween , October 31 , to be ' UNICEF Day ' in the United States ; by 1969 , 3.5 million American children were trick - or - treating for donations . Children ( and adults ) in the U.S. have collected more than US $ 175 million for Trick - or - Treat for UNICEF . Donations to Trick - or - Treat for UNICEF support UNICEF 's global programing , but in 2005 , half of the proceeds were targeted to a domestic cause , aiding victims of Hurricane Katrina . In 2008 , the U.S. Fund for UNICEF introduced mobile phone text message donations as well as a MySpace and Facebook page . In 2014 , the U.S. Fund for UNICEF partnered with Crowdrise to expand the campaign 's online presence , allowing participants to create personal fundraising web pages in addition to traditional door - to - door trick - or - treating . </P> "	trick or treat for unicef money	go	victims of Hurricane Katrina
where are the next two winter olympics going to be held	"<Table> <Tr> <Th> City </Th> <Th> Country </Th> <Th> Continent </Th> <Th> Summer ( Olympiad ) </Th> <Th> Winter </Th> <Th> Year </Th> <Th> Opening Ceremony </Th> <Th> Closing Ceremony </Th> </Tr> <Tr> <Td> Athens </Td> <Td> Greece </Td> <Td> Europe </Td> <Td> S005 I </Td> <Td> -- </Td> <Td> 1896 </Td> <Td> 000000002018 - 04 - 06 - 0000 April 6 </Td> <Td> 000000002018 - 04 - 15 - 0000 April 15 </Td> </Tr> <Tr> <Td> Paris </Td> <Td> France </Td> <Td> Europe </Td> <Td> S005 II </Td> <Td> -- </Td> <Td> 1900 </Td> <Td> 000000002018 - 05 - 14 - 0000 May 14 </Td> <Td> 000000002018 - 10 - 28 - 0000 October 28 </Td> </Tr> <Tr> <Td> St. Louis </Td> <Td> United States </Td> <Td> North America </Td> <Td> S005 III </Td> <Td> -- </Td> <Td> 1904 </Td> <Td> 000000002018 - 07 - 01 - 0000 July 1 </Td> <Td> 000000002018 - 11 - 23 - 0000 November 23 </Td> </Tr> <Tr> <Td> London </Td> <Td> United Kingdom </Td> <Td> Europe </Td> <Td> S005 IV </Td> <Td> -- </Td> <Td> 1908 </Td> <Td> 000000002018 - 04 - 27 - 0000 April 27 </Td> <Td> 000000002018 - 10 - 31 - 0000 October 31 </Td> </Tr> <Tr> <Td> Stockholm </Td> <Td> Sweden </Td> <Td> Europe </Td> <Td> S005 V </Td> <Td> -- </Td> <Td> 1912 </Td> <Td> 000000002018 - 05 - 05 - 0000 May 5 </Td> <Td> 000000002018 - 07 - 22 - 0000 July 22 </Td> </Tr> <Tr> <Td> Berlin </Td> <Td> Germany </Td> <Td> Europe </Td> <Td> S006 VI </Td> <Td> -- </Td> <Td> 1916 </Td> <Td colspan=""2""> Cancelled due to WWI </Td> </Tr> <Tr> <Td> Antwerp </Td> <Td> Belgium </Td> <Td> Europe </Td> <Td> S007 VII </Td> <Td> -- </Td> <Td> 1920 </Td> <Td> 000000002018 - 04 - 20 - 0000 April 20 </Td> <Td> 000000002018 - 09 - 12 - 0000 September 12 </Td> </Tr> <Tr> <Td> Chamonix </Td> <Td> France </Td> <Td> Europe </Td> <Td> -- </Td> <Td> W001 I </Td> <Td> 1924 </Td> <Td> 000000002018 - 01 - 25 - 0000 January 25 </Td> <Td> 000000002018 - 02 - 04 - 0000 February 4 </Td> </Tr> <Tr> <Td> Paris </Td> <Td> France </Td> <Td> Europe </Td> <Td> S008 VIII </Td> <Td> -- </Td> <Td> 000000002018 - 05 - 04 - 0000 May 4 </Td> <Td> 000000002018 - 07 - 27 - 0000 July 27 </Td> </Tr> <Tr> <Td> St. Moritz </Td> <Td> Switzerland </Td> <Td> Europe </Td> <Td> -- </Td> <Td> W002 II </Td> <Td> 1928 </Td> <Td> 000000002018 - 02 - 11 - 0000 February 11 </Td> <Td> 000000002018 - 02 - 19 - 0000 February 19 </Td> </Tr> <Tr> <Td> Amsterdam </Td> <Td> Netherlands </Td> <Td> Europe </Td> <Td> S009 IX </Td> <Td> -- </Td> <Td> 000000002018 - 05 - 17 - 0000 May 17 </Td> <Td> 000000002018 - 08 - 12 - 0000 August 12 </Td> </Tr> <Tr> <Td> Lake Placid </Td> <Td> United States </Td> <Td> North America </Td> <Td> -- </Td> <Td> W003 III </Td> <Td> 1932 </Td> <Td> 000000002018 - 02 - 04 - 0000 February 4 </Td> <Td> 000000002018 - 02 - 15 - 0000 February 15 </Td> </Tr> <Tr> <Td> Los Angeles </Td> <Td> United States </Td> <Td> North America </Td> <Td> S010 X </Td> <Td> -- </Td> <Td> 000000002018 - 07 - 30 - 0000 July 30 </Td> <Td> 000000002018 - 08 - 14 - 0000 August 14 </Td> </Tr> <Tr> <Td> Garmisch - Partenkirchen </Td> <Td> Nazi Germany </Td> <Td> Europe </Td> <Td> -- </Td> <Td> W004 IV </Td> <Td> 1936 </Td> <Td> 000000002018 - 02 - 06 - 0000 February 6 </Td> <Td> 000000002018 - 02 - 16 - 0000 February 16 </Td> </Tr> <Tr> <Td> Berlin </Td> <Td> Nazi Germany </Td> <Td> Europe </Td> <Td> S011 XI </Td> <Td> -- </Td> <Td> 000000002018 - 08 - 01 - 0000 August 1 </Td> <Td> 000000002018 - 08 - 16 - 0000 August 16 </Td> </Tr> <Tr> <Td> Sapporo Garmisch - Partenkirchen </Td> <Td> Empire of Japan Nazi Germany </Td> <Td> Asia Europe </Td> <Td> -- </Td> <Td> W005a V </Td> <Td> 1940 </Td> <Td colspan=""2""> Cancelled due to WWII </Td> </Tr> <Tr> <Td> Tokyo Helsinki </Td> <Td> Empire of Japan Finland </Td> <Td> Asia Europe </Td> <Td> S012 XII </Td> <Td> -- </Td> </Tr> <Tr> <Td> Cortina d'Ampezzo </Td> <Td> Italy </Td> <Td> Europe </Td> <Td> -- </Td> <Td> W005b V </Td> <Td> 1944 </Td> </Tr> <Tr> <Td> London </Td> <Td> United Kingdom </Td> <Td> Europe </Td> <Td> S013 XIII </Td> <Td> -- </Td> </Tr> <Tr> <Td> St. Moritz </Td> <Td> Switzerland </Td> <Td> Europe </Td> <Td> -- </Td> <Td> W005c V </Td> <Td> 1948 </Td> <Td> 000000002018 - 01 - 30 - 0000 January 30 </Td> <Td> 000000002018 - 02 - 08 - 0000 February 8 </Td> </Tr> <Tr> <Td> London </Td> <Td> United Kingdom </Td> <Td> Europe </Td> <Td> S014 XIV </Td> <Td> -- </Td> <Td> 000000002018 - 07 - 29 - 0000 July 29 </Td> <Td> 000000002018 - 08 - 14 - 0000 August 14 </Td> </Tr> <Tr> <Td> Oslo </Td> <Td> Norway </Td> <Td> Europe </Td> <Td> -- </Td> <Td> W006 VI </Td> <Td> 1952 </Td> <Td> 000000002018 - 02 - 14 - 0000 February 14 </Td> <Td> 000000002018 - 02 - 25 - 0000 February 25 </Td> </Tr> <Tr> <Td> Helsinki </Td> <Td> Finland </Td> <Td> Europe </Td> <Td> S015 XV </Td> <Td> -- </Td> <Td> 000000002018 - 07 - 19 - 0000 July 19 </Td> <Td> 000000002018 - 08 - 03 - 0000 August 3 </Td> </Tr> <Tr> <Td> Cortina d'Ampezzo </Td> <Td> Italy </Td> <Td> Europe </Td> <Td> -- </Td> <Td> W007 VII </Td> <Td> 1956 </Td> <Td> 000000002018 - 01 - 26 - 0000 January 26 </Td> <Td> 000000002018 - 02 - 05 - 0000 February 5 </Td> </Tr> <Tr> <Td> Melbourne Stockholm </Td> <Td> Australia Sweden </Td> <Td> Oceania Europe </Td> <Td> S016 XVI </Td> <Td> -- </Td> <Td> 000000002018 - 11 - 22 - 0000 November 22 000000002018 - 06 - 10 - 0000 June 10 </Td> <Td> 000000002018 - 12 - 08 - 0000 December 8 000000002018 - 06 - 17 - 0000 June 17 </Td> </Tr> <Tr> <Td> Squaw Valley </Td> <Td> United States </Td> <Td> North America </Td> <Td> -- </Td> <Td> W008 VIII </Td> <Td> 1960 </Td> <Td> 000000002018 - 02 - 18 - 0000 February 18 </Td> <Td> 000000002018 - 02 - 28 - 0000 February 28 </Td> </Tr> <Tr> <Td> Rome </Td> <Td> Italy </Td> <Td> Europe </Td> <Td> S017 XVII </Td> <Td> -- </Td> <Td> 000000002018 - 08 - 25 - 0000 August 25 </Td> <Td> 000000002018 - 09 - 11 - 0000 September 11 </Td> </Tr> <Tr> <Td> Innsbruck </Td> <Td> Austria </Td> <Td> Europe </Td> <Td> -- </Td> <Td> W009 IX </Td> <Td> 1964 </Td> <Td> 000000002018 - 01 - 29 - 0000 January 29 </Td> <Td> 000000002018 - 02 - 09 - 0000 February 9 </Td> </Tr> <Tr> <Td> Tokyo </Td> <Td> Japan </Td> <Td> Asia </Td> <Td> S018 XVIII </Td> <Td> -- </Td> <Td> 000000002018 - 10 - 10 - 0000 October 10 </Td> <Td> 000000002018 - 10 - 24 - 0000 October 24 </Td> </Tr> <Tr> <Td> Grenoble </Td> <Td> France </Td> <Td> Europe </Td> <Td> -- </Td> <Td> W010 X </Td> <Td> 1968 </Td> <Td> 000000002018 - 02 - 06 - 0000 February 6 </Td> <Td> 000000002018 - 02 - 18 - 0000 February 18 </Td> </Tr> <Tr> <Td> Mexico City </Td> <Td> Mexico </Td> <Td> North America </Td> <Td> S019 XIX </Td> <Td> -- </Td> <Td> 000000002018 - 10 - 12 - 0000 October 12 </Td> <Td> 000000002018 - 10 - 27 - 0000 October 27 </Td> </Tr> <Tr> <Td> Sapporo </Td> <Td> Japan </Td> <Td> Asia </Td> <Td> -- </Td> <Td> W011 XI </Td> <Td> 1972 </Td> <Td> 000000002018 - 02 - 03 - 0000 February 3 </Td> <Td> 000000002018 - 02 - 13 - 0000 February 13 </Td> </Tr> <Tr> <Td> Munich </Td> <Td> West Germany </Td> <Td> Europe </Td> <Td> S020 XX </Td> <Td> -- </Td> <Td> 000000002018 - 08 - 26 - 0000 August 26 </Td> <Td> 000000002018 - 09 - 11 - 0000 September 11 </Td> </Tr> <Tr> <Td> Innsbruck </Td> <Td> Austria </Td> <Td> Europe </Td> <Td> -- </Td> <Td> W012 XII </Td> <Td> 1976 </Td> <Td> 000000002018 - 02 - 04 - 0000 February 4 </Td> <Td> 000000002018 - 02 - 15 - 0000 February 15 </Td> </Tr> <Tr> <Td> Montreal </Td> <Td> Canada </Td> <Td> North America </Td> <Td> S021 XXI </Td> <Td> -- </Td> <Td> 000000002018 - 07 - 17 - 0000 July 17 </Td> <Td> 000000002018 - 08 - 01 - 0000 August 1 </Td> </Tr> <Tr> <Td> Lake Placid </Td> <Td> United States </Td> <Td> North America </Td> <Td> -- </Td> <Td> W013 XIII </Td> <Td> 1980 </Td> <Td> 000000002018 - 02 - 12 - 0000 February 12 </Td> <Td> 000000002018 - 02 - 24 - 0000 February 24 </Td> </Tr> <Tr> <Td> Moscow </Td> <Td> Soviet Union </Td> <Td> Europe </Td> <Td> S022 XXII </Td> <Td> -- </Td> <Td> 000000002018 - 07 - 19 - 0000 July 19 </Td> <Td> 000000002018 - 08 - 03 - 0000 August 3 </Td> </Tr> <Tr> <Td> Sarajevo </Td> <Td> Yugoslavia </Td> <Td> Europe </Td> <Td> -- </Td> <Td> W014 XIV </Td> <Td> 1984 </Td> <Td> 000000002018 - 02 - 07 - 0000 February 7 </Td> <Td> 000000002018 - 02 - 19 - 0000 February 19 </Td> </Tr> <Tr> <Td> Los Angeles </Td> <Td> United States </Td> <Td> North America </Td> <Td> S023 XXIII </Td> <Td> -- </Td> <Td> 000000002018 - 07 - 28 - 0000 July 28 </Td> <Td> 000000002018 - 08 - 12 - 0000 August 12 </Td> </Tr> <Tr> <Td> Calgary </Td> <Td> Canada </Td> <Td> North America </Td> <Td> -- </Td> <Td> W015 XV </Td> <Td> 1988 </Td> <Td> 000000002018 - 02 - 13 - 0000 February 13 </Td> <Td> 000000002018 - 02 - 28 - 0000 February 28 </Td> </Tr> <Tr> <Td> Seoul </Td> <Td> South Korea </Td> <Td> Asia </Td> <Td> S024 XXIV </Td> <Td> -- </Td> <Td> 000000002018 - 09 - 17 - 0000 September 17 </Td> <Td> 000000002018 - 10 - 02 - 0000 October 2 </Td> </Tr> <Tr> <Td> Albertville </Td> <Td> France </Td> <Td> Europe </Td> <Td> -- </Td> <Td> W016 XVI </Td> <Td> 1992 </Td> <Td> 000000002018 - 02 - 08 - 0000 February 8 </Td> <Td> 000000002018 - 02 - 23 - 0000 February 23 </Td> </Tr> <Tr> <Td> Barcelona </Td> <Td> Spain </Td> <Td> Europe </Td> <Td> S025 XXV </Td> <Td> -- </Td> <Td> 000000002018 - 07 - 25 - 0000 July 25 </Td> <Td> 000000002018 - 08 - 09 - 0000 August 9 </Td> </Tr> <Tr> <Td> Lillehammer </Td> <Td> Norway </Td> <Td> Europe </Td> <Td> -- </Td> <Td> W017 XVII </Td> <Td> 1994 </Td> <Td> 000000002018 - 02 - 12 - 0000 February 12 </Td> <Td> 000000002018 - 02 - 27 - 0000 February 27 </Td> </Tr> <Tr> <Td> Atlanta </Td> <Td> United States </Td> <Td> North America </Td> <Td> S026 XXVI </Td> <Td> -- </Td> <Td> </Td> <Td> 000000002018 - 07 - 19 - 0000 July 19 </Td> <Td> 000000002018 - 08 - 04 - 0000 August 4 </Td> </Tr> <Tr> <Td> Nagano </Td> <Td> Japan </Td> <Td> Asia </Td> <Td> -- </Td> <Td> W018 XVIII </Td> <Td> 1998 </Td> <Td> 000000002018 - 02 - 07 - 0000 February 7 </Td> <Td> 000000002018 - 02 - 22 - 0000 February 22 </Td> </Tr> <Tr> <Td> Sydney </Td> <Td> Australia </Td> <Td> Oceania </Td> <Td> S027 XXVII </Td> <Td> -- </Td> <Td> 2000 </Td> <Td> 000000002018 - 09 - 15 - 0000 September 15 </Td> <Td> 000000002018 - 10 - 01 - 0000 October 1 </Td> </Tr> <Tr> <Td> Salt Lake City </Td> <Td> United States </Td> <Td> North America </Td> <Td> -- </Td> <Td> W019 XIX </Td> <Td> 2002 </Td> <Td> 000000002018 - 02 - 08 - 0000 February 8 </Td> <Td> 000000002018 - 02 - 24 - 0000 February 24 </Td> </Tr> <Tr> <Td> Athens </Td> <Td> Greece </Td> <Td> Europe </Td> <Td> S028 XXVIII </Td> <Td> -- </Td> <Td> </Td> <Td> 000000002018 - 08 - 13 - 0000 August 13 </Td> <Td> 000000002018 - 08 - 29 - 0000 August 29 </Td> </Tr> <Tr> <Td> Torino </Td> <Td> Italy </Td> <Td> Europe </Td> <Td> -- </Td> <Td> W020 XX </Td> <Td> 2006 </Td> <Td> 000000002018 - 02 - 10 - 0000 February 10 </Td> <Td> 000000002018 - 02 - 26 - 0000 February 26 </Td> </Tr> <Tr> <Td> Beijing </Td> <Td> China </Td> <Td> Asia </Td> <Td> S029 XXIX </Td> <Td> -- </Td> <Td> 2008 </Td> <Td> 000000002018 - 08 - 08 - 0000 August 8 </Td> <Td> 000000002018 - 08 - 24 - 0000 August 24 </Td> </Tr> <Tr> <Td> Vancouver </Td> <Td> Canada </Td> <Td> North America </Td> <Td> -- </Td> <Td> W021 XXI </Td> <Td> </Td> <Td> 000000002018 - 02 - 12 - 0000 February 12 </Td> <Td> 000000002018 - 02 - 28 - 0000 February 28 </Td> </Tr> <Tr> <Td> London </Td> <Td> United Kingdom </Td> <Td> Europe </Td> <Td> S030 XXX </Td> <Td> -- </Td> <Td> 2012 </Td> <Td> 000000002018 - 07 - 27 - 0000 July 27 </Td> <Td> 000000002018 - 08 - 12 - 0000 August 12 </Td> </Tr> <Tr> <Td> Sochi </Td> <Td> Russia </Td> <Td> Europe </Td> <Td> -- </Td> <Td> W022 XXII </Td> <Td> 2014 </Td> <Td> 000000002018 - 02 - 07 - 0000 February 7 </Td> <Td> 000000002018 - 02 - 23 - 0000 February 23 </Td> </Tr> <Tr> <Td> Rio de Janeiro </Td> <Td> Brazil </Td> <Td> South America </Td> <Td> S031 XXXI </Td> <Td> -- </Td> <Td> 2016 </Td> <Td> 000000002018 - 08 - 05 - 0000 August 5 </Td> <Td> 000000002018 - 08 - 21 - 0000 August 21 </Td> </Tr> <Tr> <Td> Pyeongchang </Td> <Td> South Korea </Td> <Td> Asia </Td> <Td> -- </Td> <Td> W023 XXIII </Td> <Td> 2018 </Td> <Td> 000000002018 - 02 - 09 - 0000 February 9 </Td> <Td> 000000002018 - 02 - 25 - 0000 February 25 </Td> </Tr> <Tr> <Td> Tokyo </Td> <Td> Japan </Td> <Td> Asia </Td> <Td> S032 XXXII </Td> <Td> -- </Td> <Td> 2020 </Td> <Td> 000000002018 - 07 - 24 - 0000 July 24 </Td> <Td> 000000002018 - 08 - 09 - 0000 August 9 </Td> </Tr> <Tr> <Td> Beijing </Td> <Td> China </Td> <Td> Asia </Td> <Td> -- </Td> <Td> W024 XXIV </Td> <Td> 2022 </Td> <Td> 000000002018 - 02 - 04 - 0000 February 4 </Td> <Td> 000000002018 - 02 - 20 - 0000 February 20 </Td> </Tr> <Tr> <Td> Paris </Td> <Td> France </Td> <Td> Europe </Td> <Td> S033 XXXIII </Td> <Td> -- </Td> <Td> 2024 </Td> <Td> 000000002018 - 07 - 26 - 0000 July 26 </Td> <Td> 000000002018 - 08 - 11 - 0000 August 11 </Td> </Tr> <Tr> <Td> TBD </Td> <Td> TBD </Td> <Td> </Td> <Td> -- </Td> <Td> W025 XXV </Td> <Td> 2026 </Td> <Td colspan=""2""> ( TBD ) </Td> </Tr> <Tr> <Td> Los Angeles </Td> <Td> United States </Td> <Td> North America </Td> <Td> S034 XXXIV </Td> <Td> -- </Td> <Td> 2028 </Td> <Td> 000000002018 - 07 - 21 - 0000 July 21 </Td> <Td> 000000002018 - 08 - 06 - 0000 August 6 </Td> </Tr> <Tr> <Td> TBD </Td> <Td> TBD </Td> <Td> </Td> <Td> -- </Td> <Td> W026 XXVI </Td> <Td> 2030 </Td> <Td colspan=""2""> ( TBD ) </Td> </Tr> </Table> "	next two winter olympics	held	Tokyo Japan and Beijing China
where was the movie last stand at saber river filmed	"<Ul> <Li> Bonanza Creek Ranch , 15 Bonanza Creek Lane , Santa Fe , New Mexico , USA </Li> <Li> Charles R Ranch , County Road 24 , Las Vegas , New Mexico , USA </Li> <Li> Las Vegas , New Mexico , USA </Li> <Li> Santa Clara Pueblo , New Mexico , USA </Li> <Li> Valle Grande , New Mexico , USA </Li> </Ul> "	movie last stand at saber river	filmed	New Mexico
where have the summer olympic games been held	"<Table> <Tr> <Th> City </Th> <Th> Country </Th> <Th> Continent </Th> <Th> Summer ( Olympiad ) </Th> <Th> Winter </Th> <Th> Year </Th> <Th> Opening Ceremony </Th> <Th> Closing Ceremony </Th> </Tr> <Tr> <Td> Athens </Td> <Td> Greece </Td> <Td> Europe </Td> <Td> S005 I </Td> <Td> -- </Td> <Td> 1896 </Td> <Td> 000000002018 - 04 - 06 - 0000 April 6 </Td> <Td> 000000002018 - 04 - 15 - 0000 April 15 </Td> </Tr> <Tr> <Td> Paris </Td> <Td> France </Td> <Td> Europe </Td> <Td> S005 II </Td> <Td> -- </Td> <Td> 1900 </Td> <Td> 000000002018 - 05 - 14 - 0000 May 14 </Td> <Td> 000000002018 - 10 - 28 - 0000 October 28 </Td> </Tr> <Tr> <Td> St. Louis </Td> <Td> United States </Td> <Td> North America </Td> <Td> S005 III </Td> <Td> -- </Td> <Td> 1904 </Td> <Td> 000000002018 - 07 - 01 - 0000 July 1 </Td> <Td> 000000002018 - 11 - 23 - 0000 November 23 </Td> </Tr> <Tr> <Td> London </Td> <Td> United Kingdom </Td> <Td> Europe </Td> <Td> S005 IV </Td> <Td> -- </Td> <Td> 1908 </Td> <Td> 000000002018 - 04 - 27 - 0000 April 27 </Td> <Td> 000000002018 - 10 - 31 - 0000 October 31 </Td> </Tr> <Tr> <Td> Stockholm </Td> <Td> Sweden </Td> <Td> Europe </Td> <Td> S005 V </Td> <Td> -- </Td> <Td> 1912 </Td> <Td> 000000002018 - 05 - 05 - 0000 May 5 </Td> <Td> 000000002018 - 07 - 22 - 0000 July 22 </Td> </Tr> <Tr> <Td> Berlin </Td> <Td> Germany </Td> <Td> Europe </Td> <Td> S006 VI </Td> <Td> -- </Td> <Td> 1916 </Td> <Td colspan=""2""> Cancelled due to WWI </Td> </Tr> <Tr> <Td> Antwerp </Td> <Td> Belgium </Td> <Td> Europe </Td> <Td> S007 VII </Td> <Td> -- </Td> <Td> 1920 </Td> <Td> 000000002018 - 04 - 20 - 0000 April 20 </Td> <Td> 000000002018 - 09 - 12 - 0000 September 12 </Td> </Tr> <Tr> <Td> Chamonix </Td> <Td> France </Td> <Td> Europe </Td> <Td> -- </Td> <Td> W001 I </Td> <Td> 1924 </Td> <Td> 000000002018 - 01 - 25 - 0000 January 25 </Td> <Td> 000000002018 - 02 - 04 - 0000 February 4 </Td> </Tr> <Tr> <Td> Paris </Td> <Td> France </Td> <Td> Europe </Td> <Td> S008 VIII </Td> <Td> -- </Td> <Td> 000000002018 - 05 - 04 - 0000 May 4 </Td> <Td> 000000002018 - 07 - 27 - 0000 July 27 </Td> </Tr> <Tr> <Td> St. Moritz </Td> <Td> Switzerland </Td> <Td> Europe </Td> <Td> -- </Td> <Td> W002 II </Td> <Td> 1928 </Td> <Td> 000000002018 - 02 - 11 - 0000 February 11 </Td> <Td> 000000002018 - 02 - 19 - 0000 February 19 </Td> </Tr> <Tr> <Td> Amsterdam </Td> <Td> Netherlands </Td> <Td> Europe </Td> <Td> S009 IX </Td> <Td> -- </Td> <Td> 000000002018 - 05 - 17 - 0000 May 17 </Td> <Td> 000000002018 - 08 - 12 - 0000 August 12 </Td> </Tr> <Tr> <Td> Lake Placid </Td> <Td> United States </Td> <Td> North America </Td> <Td> -- </Td> <Td> W003 III </Td> <Td> 1932 </Td> <Td> 000000002018 - 02 - 04 - 0000 February 4 </Td> <Td> 000000002018 - 02 - 15 - 0000 February 15 </Td> </Tr> <Tr> <Td> Los Angeles </Td> <Td> United States </Td> <Td> North America </Td> <Td> S010 X </Td> <Td> -- </Td> <Td> 000000002018 - 07 - 30 - 0000 July 30 </Td> <Td> 000000002018 - 08 - 14 - 0000 August 14 </Td> </Tr> <Tr> <Td> Garmisch - Partenkirchen </Td> <Td> Nazi Germany </Td> <Td> Europe </Td> <Td> -- </Td> <Td> W004 IV </Td> <Td> 1936 </Td> <Td> 000000002018 - 02 - 06 - 0000 February 6 </Td> <Td> 000000002018 - 02 - 16 - 0000 February 16 </Td> </Tr> <Tr> <Td> Berlin </Td> <Td> Nazi Germany </Td> <Td> Europe </Td> <Td> S011 XI </Td> <Td> -- </Td> <Td> 000000002018 - 08 - 01 - 0000 August 1 </Td> <Td> 000000002018 - 08 - 16 - 0000 August 16 </Td> </Tr> <Tr> <Td> Sapporo Garmisch - Partenkirchen </Td> <Td> Empire of Japan Nazi Germany </Td> <Td> Asia Europe </Td> <Td> -- </Td> <Td> W005a V </Td> <Td> 1940 </Td> <Td colspan=""2""> Cancelled due to WWII </Td> </Tr> <Tr> <Td> Tokyo Helsinki </Td> <Td> Empire of Japan Finland </Td> <Td> Asia Europe </Td> <Td> S012 XII </Td> <Td> -- </Td> </Tr> <Tr> <Td> Cortina d'Ampezzo </Td> <Td> Italy </Td> <Td> Europe </Td> <Td> -- </Td> <Td> W005b V </Td> <Td> 1944 </Td> </Tr> <Tr> <Td> London </Td> <Td> United Kingdom </Td> <Td> Europe </Td> <Td> S013 XIII </Td> <Td> -- </Td> </Tr> <Tr> <Td> St. Moritz </Td> <Td> Switzerland </Td> <Td> Europe </Td> <Td> -- </Td> <Td> W005c V </Td> <Td> 1948 </Td> <Td> 000000002018 - 01 - 30 - 0000 January 30 </Td> <Td> 000000002018 - 02 - 08 - 0000 February 8 </Td> </Tr> <Tr> <Td> London </Td> <Td> United Kingdom </Td> <Td> Europe </Td> <Td> S014 XIV </Td> <Td> -- </Td> <Td> 000000002018 - 07 - 29 - 0000 July 29 </Td> <Td> 000000002018 - 08 - 14 - 0000 August 14 </Td> </Tr> <Tr> <Td> Oslo </Td> <Td> Norway </Td> <Td> Europe </Td> <Td> -- </Td> <Td> W006 VI </Td> <Td> 1952 </Td> <Td> 000000002018 - 02 - 14 - 0000 February 14 </Td> <Td> 000000002018 - 02 - 25 - 0000 February 25 </Td> </Tr> <Tr> <Td> Helsinki </Td> <Td> Finland </Td> <Td> Europe </Td> <Td> S015 XV </Td> <Td> -- </Td> <Td> 000000002018 - 07 - 19 - 0000 July 19 </Td> <Td> 000000002018 - 08 - 03 - 0000 August 3 </Td> </Tr> <Tr> <Td> Cortina d'Ampezzo </Td> <Td> Italy </Td> <Td> Europe </Td> <Td> -- </Td> <Td> W007 VII </Td> <Td> 1956 </Td> <Td> 000000002018 - 01 - 26 - 0000 January 26 </Td> <Td> 000000002018 - 02 - 05 - 0000 February 5 </Td> </Tr> <Tr> <Td> Melbourne Stockholm </Td> <Td> Australia Sweden </Td> <Td> Oceania Europe </Td> <Td> S016 XVI </Td> <Td> -- </Td> <Td> 000000002018 - 11 - 22 - 0000 November 22 000000002018 - 06 - 10 - 0000 June 10 </Td> <Td> 000000002018 - 12 - 08 - 0000 December 8 000000002018 - 06 - 17 - 0000 June 17 </Td> </Tr> <Tr> <Td> Squaw Valley </Td> <Td> United States </Td> <Td> North America </Td> <Td> -- </Td> <Td> W008 VIII </Td> <Td> 1960 </Td> <Td> 000000002018 - 02 - 18 - 0000 February 18 </Td> <Td> 000000002018 - 02 - 28 - 0000 February 28 </Td> </Tr> <Tr> <Td> Rome </Td> <Td> Italy </Td> <Td> Europe </Td> <Td> S017 XVII </Td> <Td> -- </Td> <Td> 000000002018 - 08 - 25 - 0000 August 25 </Td> <Td> 000000002018 - 09 - 11 - 0000 September 11 </Td> </Tr> <Tr> <Td> Innsbruck </Td> <Td> Austria </Td> <Td> Europe </Td> <Td> -- </Td> <Td> W009 IX </Td> <Td> 1964 </Td> <Td> 000000002018 - 01 - 29 - 0000 January 29 </Td> <Td> 000000002018 - 02 - 09 - 0000 February 9 </Td> </Tr> <Tr> <Td> Tokyo </Td> <Td> Japan </Td> <Td> Asia </Td> <Td> S018 XVIII </Td> <Td> -- </Td> <Td> 000000002018 - 10 - 10 - 0000 October 10 </Td> <Td> 000000002018 - 10 - 24 - 0000 October 24 </Td> </Tr> <Tr> <Td> Grenoble </Td> <Td> France </Td> <Td> Europe </Td> <Td> -- </Td> <Td> W010 X </Td> <Td> 1968 </Td> <Td> 000000002018 - 02 - 06 - 0000 February 6 </Td> <Td> 000000002018 - 02 - 18 - 0000 February 18 </Td> </Tr> <Tr> <Td> Mexico City </Td> <Td> Mexico </Td> <Td> North America </Td> <Td> S019 XIX </Td> <Td> -- </Td> <Td> 000000002018 - 10 - 12 - 0000 October 12 </Td> <Td> 000000002018 - 10 - 27 - 0000 October 27 </Td> </Tr> <Tr> <Td> Sapporo </Td> <Td> Japan </Td> <Td> Asia </Td> <Td> -- </Td> <Td> W011 XI </Td> <Td> 1972 </Td> <Td> 000000002018 - 02 - 03 - 0000 February 3 </Td> <Td> 000000002018 - 02 - 13 - 0000 February 13 </Td> </Tr> <Tr> <Td> Munich </Td> <Td> West Germany </Td> <Td> Europe </Td> <Td> S020 XX </Td> <Td> -- </Td> <Td> 000000002018 - 08 - 26 - 0000 August 26 </Td> <Td> 000000002018 - 09 - 11 - 0000 September 11 </Td> </Tr> <Tr> <Td> Innsbruck </Td> <Td> Austria </Td> <Td> Europe </Td> <Td> -- </Td> <Td> W012 XII </Td> <Td> 1976 </Td> <Td> 000000002018 - 02 - 04 - 0000 February 4 </Td> <Td> 000000002018 - 02 - 15 - 0000 February 15 </Td> </Tr> <Tr> <Td> Montreal </Td> <Td> Canada </Td> <Td> North America </Td> <Td> S021 XXI </Td> <Td> -- </Td> <Td> 000000002018 - 07 - 17 - 0000 July 17 </Td> <Td> 000000002018 - 08 - 01 - 0000 August 1 </Td> </Tr> <Tr> <Td> Lake Placid </Td> <Td> United States </Td> <Td> North America </Td> <Td> -- </Td> <Td> W013 XIII </Td> <Td> 1980 </Td> <Td> 000000002018 - 02 - 12 - 0000 February 12 </Td> <Td> 000000002018 - 02 - 24 - 0000 February 24 </Td> </Tr> <Tr> <Td> Moscow </Td> <Td> Soviet Union </Td> <Td> Europe </Td> <Td> S022 XXII </Td> <Td> -- </Td> <Td> 000000002018 - 07 - 19 - 0000 July 19 </Td> <Td> 000000002018 - 08 - 03 - 0000 August 3 </Td> </Tr> <Tr> <Td> Sarajevo </Td> <Td> Yugoslavia </Td> <Td> Europe </Td> <Td> -- </Td> <Td> W014 XIV </Td> <Td> 1984 </Td> <Td> 000000002018 - 02 - 07 - 0000 February 7 </Td> <Td> 000000002018 - 02 - 19 - 0000 February 19 </Td> </Tr> <Tr> <Td> Los Angeles </Td> <Td> United States </Td> <Td> North America </Td> <Td> S023 XXIII </Td> <Td> -- </Td> <Td> 000000002018 - 07 - 28 - 0000 July 28 </Td> <Td> 000000002018 - 08 - 12 - 0000 August 12 </Td> </Tr> <Tr> <Td> Calgary </Td> <Td> Canada </Td> <Td> North America </Td> <Td> -- </Td> <Td> W015 XV </Td> <Td> 1988 </Td> <Td> 000000002018 - 02 - 13 - 0000 February 13 </Td> <Td> 000000002018 - 02 - 28 - 0000 February 28 </Td> </Tr> <Tr> <Td> Seoul </Td> <Td> South Korea </Td> <Td> Asia </Td> <Td> S024 XXIV </Td> <Td> -- </Td> <Td> 000000002018 - 09 - 17 - 0000 September 17 </Td> <Td> 000000002018 - 10 - 02 - 0000 October 2 </Td> </Tr> <Tr> <Td> Albertville </Td> <Td> France </Td> <Td> Europe </Td> <Td> -- </Td> <Td> W016 XVI </Td> <Td> 1992 </Td> <Td> 000000002018 - 02 - 08 - 0000 February 8 </Td> <Td> 000000002018 - 02 - 23 - 0000 February 23 </Td> </Tr> <Tr> <Td> Barcelona </Td> <Td> Spain </Td> <Td> Europe </Td> <Td> S025 XXV </Td> <Td> -- </Td> <Td> 000000002018 - 07 - 25 - 0000 July 25 </Td> <Td> 000000002018 - 08 - 09 - 0000 August 9 </Td> </Tr> <Tr> <Td> Lillehammer </Td> <Td> Norway </Td> <Td> Europe </Td> <Td> -- </Td> <Td> W017 XVII </Td> <Td> 1994 </Td> <Td> 000000002018 - 02 - 12 - 0000 February 12 </Td> <Td> 000000002018 - 02 - 27 - 0000 February 27 </Td> </Tr> <Tr> <Td> Atlanta </Td> <Td> United States </Td> <Td> North America </Td> <Td> S026 XXVI </Td> <Td> -- </Td> <Td> </Td> <Td> 000000002018 - 07 - 19 - 0000 July 19 </Td> <Td> 000000002018 - 08 - 04 - 0000 August 4 </Td> </Tr> <Tr> <Td> Nagano </Td> <Td> Japan </Td> <Td> Asia </Td> <Td> -- </Td> <Td> W018 XVIII </Td> <Td> 1998 </Td> <Td> 000000002018 - 02 - 07 - 0000 February 7 </Td> <Td> 000000002018 - 02 - 22 - 0000 February 22 </Td> </Tr> <Tr> <Td> Sydney </Td> <Td> Australia </Td> <Td> Oceania </Td> <Td> S027 XXVII </Td> <Td> -- </Td> <Td> 2000 </Td> <Td> 000000002018 - 09 - 15 - 0000 September 15 </Td> <Td> 000000002018 - 10 - 01 - 0000 October 1 </Td> </Tr> <Tr> <Td> Salt Lake City </Td> <Td> United States </Td> <Td> North America </Td> <Td> -- </Td> <Td> W019 XIX </Td> <Td> 2002 </Td> <Td> 000000002018 - 02 - 08 - 0000 February 8 </Td> <Td> 000000002018 - 02 - 24 - 0000 February 24 </Td> </Tr> <Tr> <Td> Athens </Td> <Td> Greece </Td> <Td> Europe </Td> <Td> S028 XXVIII </Td> <Td> -- </Td> <Td> </Td> <Td> 000000002018 - 08 - 13 - 0000 August 13 </Td> <Td> 000000002018 - 08 - 29 - 0000 August 29 </Td> </Tr> <Tr> <Td> Torino </Td> <Td> Italy </Td> <Td> Europe </Td> <Td> -- </Td> <Td> W020 XX </Td> <Td> 2006 </Td> <Td> 000000002018 - 02 - 10 - 0000 February 10 </Td> <Td> 000000002018 - 02 - 26 - 0000 February 26 </Td> </Tr> <Tr> <Td> Beijing </Td> <Td> China </Td> <Td> Asia </Td> <Td> S029 XXIX </Td> <Td> -- </Td> <Td> 2008 </Td> <Td> 000000002018 - 08 - 08 - 0000 August 8 </Td> <Td> 000000002018 - 08 - 24 - 0000 August 24 </Td> </Tr> <Tr> <Td> Vancouver </Td> <Td> Canada </Td> <Td> North America </Td> <Td> -- </Td> <Td> W021 XXI </Td> <Td> </Td> <Td> 000000002018 - 02 - 12 - 0000 February 12 </Td> <Td> 000000002018 - 02 - 28 - 0000 February 28 </Td> </Tr> <Tr> <Td> London </Td> <Td> United Kingdom </Td> <Td> Europe </Td> <Td> S030 XXX </Td> <Td> -- </Td> <Td> 2012 </Td> <Td> 000000002018 - 07 - 27 - 0000 July 27 </Td> <Td> 000000002018 - 08 - 12 - 0000 August 12 </Td> </Tr> <Tr> <Td> Sochi </Td> <Td> Russia </Td> <Td> Europe </Td> <Td> -- </Td> <Td> W022 XXII </Td> <Td> 2014 </Td> <Td> 000000002018 - 02 - 07 - 0000 February 7 </Td> <Td> 000000002018 - 02 - 23 - 0000 February 23 </Td> </Tr> <Tr> <Td> Rio de Janeiro </Td> <Td> Brazil </Td> <Td> South America </Td> <Td> S031 XXXI </Td> <Td> -- </Td> <Td> 2016 </Td> <Td> 000000002018 - 08 - 05 - 0000 August 5 </Td> <Td> 000000002018 - 08 - 21 - 0000 August 21 </Td> </Tr> <Tr> <Td> Pyeongchang </Td> <Td> South Korea </Td> <Td> Asia </Td> <Td> -- </Td> <Td> W023 XXIII </Td> <Td> 2018 </Td> <Td> 000000002018 - 02 - 09 - 0000 February 9 </Td> <Td> 000000002018 - 02 - 25 - 0000 February 25 </Td> </Tr> <Tr> <Td> Tokyo </Td> <Td> Japan </Td> <Td> Asia </Td> <Td> S032 XXXII </Td> <Td> -- </Td> <Td> 2020 </Td> <Td> 000000002018 - 07 - 24 - 0000 July 24 </Td> <Td> 000000002018 - 08 - 09 - 0000 August 9 </Td> </Tr> <Tr> <Td> Beijing </Td> <Td> China </Td> <Td> Asia </Td> <Td> -- </Td> <Td> W024 XXIV </Td> <Td> 2022 </Td> <Td> 000000002018 - 02 - 04 - 0000 February 4 </Td> <Td> 000000002018 - 02 - 20 - 0000 February 20 </Td> </Tr> <Tr> <Td> Paris </Td> <Td> France </Td> <Td> Europe </Td> <Td> S033 XXXIII </Td> <Td> -- </Td> <Td> 2024 </Td> <Td> 000000002018 - 07 - 26 - 0000 July 26 </Td> <Td> 000000002018 - 08 - 11 - 0000 August 11 </Td> </Tr> <Tr> <Td> TBD </Td> <Td> TBD </Td> <Td> </Td> <Td> -- </Td> <Td> W025 XXV </Td> <Td> 2026 </Td> <Td colspan=""2""> ( TBD ) </Td> </Tr> <Tr> <Td> Los Angeles </Td> <Td> United States </Td> <Td> North America </Td> <Td> S034 XXXIV </Td> <Td> -- </Td> <Td> 2028 </Td> <Td> 000000002018 - 07 - 21 - 0000 July 21 </Td> <Td> 000000002018 - 08 - 06 - 0000 August 6 </Td> </Tr> <Tr> <Td> TBD </Td> <Td> TBD </Td> <Td> </Td> <Td> -- </Td> <Td> W026 XXVI </Td> <Td> 2030 </Td> <Td colspan=""2""> ( TBD ) </Td> </Tr> </Table> "	summer olympic game	held	Tokyo Japan
where would the group bacteroids likely be found	"<P> Bacteroides fragilis is an obligately anaerobic , Gram - negative , rod - shaped bacterium . It is part of the normal flora of the human colon and is generally commensal , but can cause infection if displaced into the bloodstream or surrounding tissue following surgery , disease , or trauma . </P> "	group bacteroids	found	human colon
where was the remake of dirty dancing filmed	"<P> Filming was based in Hendersonville , North Carolina . Most of the filming locations were across western North Carolina including Asheville , Cashiers and Saluda , with filming taking place in April and May 2016 . People living in the Hendersonville area served as crew members , extras and dancers , and they were invited to provide cars from the 1960s . Much of the filming took place at High Hampton Inn in Cashiers . It created an estimated 1,225 jobs , including 900 extras , 30 cast members and 225 crew positions to support the project . </P> "	remake of dirty dancing	filmed	"Hendersonville, North Carolina"
where is the left anterior descending artery located	"<P> It passes at first behind the pulmonary artery and then comes forward between that vessel and the left atrium to reach the anterior interventricular sulcus , along which it descends to the notch of cardiac apex . </P> "	left anterior descending artery	located	behind the pulmonary artery and then comes forward between that vessel and the left atrium to reach the anterior interventricular sulcus
where was the movie the glass castle filmed	"<P> Principal photography began on May 20 , 2016 , in Welch , West Virginia . </P> "	movie the glass castle	filmed	"Welch, West Virginia"
where is the tennessee titans football stadium located	<Tr> <Th> Coordinates </Th> <Td> 36 ° 9 ′ 59 '' N 86 ° 46 ′ 17 '' W ﻿ / ﻿ 36.16639 ° N 86.77139 ° W ﻿ / 36.16639 ; - 86.77139 Coordinates : 36 ° 9 ′ 59 '' N 86 ° 46 ′ 17 '' W ﻿ / ﻿ 36.16639 ° N 86.77139 ° W ﻿ / 36.16639 ; - 86.77139 </Td> </Tr> 	tennessee titans football stadium	located	Coordinates
where did the river thames start and end	"<Table> <Tr> <Td colspan=""2""> Thames </Td> </Tr> <Tr> <Td colspan=""2""> River </Td> </Tr> <Tr> <Td colspan=""2""> The Thames in London </Td> </Tr> <Tr> <Th> Country </Th> <Td> England </Td> </Tr> <Tr> <Th> Counties </Th> <Td> Gloucestershire , Wiltshire , Oxfordshire , Berkshire , Buckinghamshire , Surrey , Middlesex , London , Kent , Essex </Td> </Tr> <Tr> <Td colspan=""2""> </Td> </Tr> <Tr> <Th> Towns / Cities </Th> <Td> Cricklade , Lechlade , Oxford , Abingdon , Wallingford , Reading , Henley - on - Thames , Marlow , Maidenhead , Windsor , Staines - upon - Thames , Walton - on - Thames , Kingston upon Thames , Teddington , Richmond , London , London </Td> </Tr> <Tr> <Td colspan=""2""> </Td> </Tr> <Tr> <Td colspan=""2""> </Td> </Tr> <Tr> <Th> Source </Th> <Td> </Td> </Tr> <Tr> <Td> - location </Td> <Td> Thames Head , Gloucestershire , UK </Td> </Tr> <Tr> <Td> - elevation </Td> <Td> 110 m ( 361 ft ) </Td> </Tr> <Tr> <Td> - coordinates </Td> <Td> 51 ° 41 ′ 39 '' N 2 ° 01 ′ 47 '' W ﻿ / ﻿ 51.694262 ° N 2.029724 ° W ﻿ / 51.694262 ; - 2.029724 </Td> </Tr> <Tr> <Th> Mouth </Th> <Td> Thames Estuary , North Sea </Td> </Tr> <Tr> <Td> - location </Td> <Td> Southend - on - Sea , Essex , UK </Td> </Tr> <Tr> <Td> - elevation </Td> <Td> 0 m ( 0 ft ) </Td> </Tr> <Tr> <Td> - coordinates </Td> <Td> 51 ° 29 ′ 56 '' N 0 ° 36 ′ 31 '' E ﻿ / ﻿ 51.4989 ° N 0.6087 ° E ﻿ / 51.4989 ; 0.6087 Coordinates : 51 ° 29 ′ 56 '' N 0 ° 36 ′ 31 '' E ﻿ / ﻿ 51.4989 ° N 0.6087 ° E ﻿ / 51.4989 ; 0.6087 </Td> </Tr> <Tr> <Td colspan=""2""> </Td> </Tr> <Tr> <Th> Length </Th> <Td> 346 km ( 215 mi ) </Td> </Tr> <Tr> <Th> Basin </Th> <Td> 12,935 km ( 4,994 sq mi ) </Td> </Tr> <Tr> <Th> Discharge </Th> <Td> for London </Td> </Tr> <Tr> <Td> - average </Td> <Td> 65.8 m / s ( 2,324 cu ft / s ) </Td> </Tr> <Tr> <Td> - max </Td> <Td> 370 m / s ( 13,066 cu ft / s ) </Td> </Tr> <Tr> <Td colspan=""2""> Discharge elsewhere ( average ) </Td> </Tr> <Tr> <Td> - entering Oxford </Td> <Td> 17.6 m / s ( 622 cu ft / s ) </Td> </Tr> <Tr> <Td> - leaving Oxford </Td> <Td> 24.8 m / s ( 876 cu ft / s ) </Td> </Tr> <Tr> <Td> - Reading </Td> <Td> 39.7 m / s ( 1,402 cu ft / s ) </Td> </Tr> <Tr> <Td> - Windsor </Td> <Td> 59.3 m / s ( 2,094 cu ft / s ) </Td> </Tr> <Tr> <Td colspan=""2""> </Td> </Tr> <Tr> <Td colspan=""2""> Map of the Thames within southern England </Td> </Tr> </Table> "	river thames	start and end	"Thames Head, Gloucestershire, UK to Thames Estuary, North Sea"
where is union station in washington dc located	"<Table> <Tr> <Th colspan=""2""> Washington Union Station </Th> </Tr> <Tr> <Td colspan=""2""> Amtrak , MARC , and VRE railway station </Td> </Tr> <Tr> <Td colspan=""2""> </Td> </Tr> <Tr> <Th> Location </Th> <Td> 50 Massachusetts Avenue NE Washington , DC United States </Td> </Tr> <Tr> <Th> Coordinates </Th> <Td> 38 ° 53 ′ 50 '' N 77 ° 00 ′ 23 '' W ﻿ / ﻿ 38.89731 ° N 77.00626 ° W ﻿ / 38.89731 ; - 77.00626 Coordinates : 38 ° 53 ′ 50 '' N 77 ° 00 ′ 23 '' W ﻿ / ﻿ 38.89731 ° N 77.00626 ° W ﻿ / 38.89731 ; - 77.00626 </Td> </Tr> <Tr> <Th> Owned by </Th> <Td> Amtrak and USDOT . Union Station Redevelopment Corp. leased to Ashkenazy Acquisition Corporation </Td> </Tr> <Tr> <Th> Operated by </Th> <Td> Jones Lang LaSalle </Td> </Tr> <Tr> <Th> Platforms </Th> <Td> 18 </Td> </Tr> <Tr> <Th> Tracks </Th> <Td> 22 </Td> </Tr> <Tr> <Th> Train operators </Th> <Td> Amtrak , MARC , VRE </Td> </Tr> <Tr> <Th> Bus stands </Th> <Td> located on the mezzanine level </Td> </Tr> <Tr> <Th> Bus operators </Th> <Td> <Ul> <Li> WMATA Metrobus </Li> <Li> DC Circulator </Li> <Li> Maryland MTA Commuter Bus </Li> <Li> Loudoun County Commuter Bus </Li> <Li> PRTC Buses </Li> <Li> BoltBus </Li> <Li> Greyhound Lines </Li> <Li> Megabus </Li> <Li> Peter Pan Bus Lines </Li> <Li> Washington Deluxe </Li> <Li> BestBus </Li> </Ul> </Td> </Tr> <Tr> <Th> Connections </Th> <Td> Washington Metro at Union Station DC Streetcar </Td> </Tr> <Tr> <Th colspan=""2""> Construction </Th> </Tr> <Tr> <Th> Parking </Th> <Td> 2,448 </Td> </Tr> <Tr> <Th> Bicycle facilities </Th> <Td> 180 </Td> </Tr> <Tr> <Th> Disabled access </Th> <Td> Yes </Td> </Tr> <Tr> <Th colspan=""2""> Other information </Th> </Tr> <Tr> <Th> Station code </Th> <Td> Amtrak code : WAS IATA code : ZWU </Td> </Tr> <Tr> <Th> Fare zone </Th> <Td> 1 ( VREX ) </Td> </Tr> <Tr> <Th colspan=""2""> History </Th> </Tr> <Tr> <Th> Opened </Th> <Td> 1908 </Td> </Tr> <Tr> <Th> Rebuilt </Th> <Td> 1981 -- 1989 </Td> </Tr> <Tr> <Th colspan=""2""> Traffic </Th> </Tr> <Tr> <Td colspan=""2""> </Td> </Tr> <Tr> <Th> Passengers ( 2017 ) </Th> <Td> 5,225,460 annually 2.49 % ( Amtrak ) </Td> </Tr> <Tr> <Td colspan=""2""> </Td> </Tr> <Tr> <Td colspan=""2""> </Td> </Tr> <Tr> <Th> Passengers ( 2016 ) </Th> <Td> 28,864 daily 7.45 % ( Metro ) </Td> </Tr> <Tr> <Td colspan=""2""> </Td> </Tr> <Tr> <Th colspan=""2""> Northeast Corridor ▶ </Th> </Tr> <Tr> <Td colspan=""2""> <Table> <Tr> <Th> Preceding station </Th> <Th> </Th> <Th> Amtrak </Th> <Th> </Th> <Th> Following station </Th> </Tr> <Tr> <Td> Terminus </Td> <Td> </Td> <Td> Acela Express </Td> <Td> </Td> <Td> BWI Airport toward Boston South Station </Td> </Tr> <Tr> <Td> </Td> <Td> Vermonter </Td> <Td> </Td> <Td> New Carrollton toward St. Albans </Td> </Tr> <Tr> <Td> Rockville toward Chicago </Td> <Td> </Td> <Td> Capitol Limited </Td> <Td> </Td> <Td> Terminus </Td> </Tr> <Tr> <Td> Alexandria toward Chicago </Td> <Td> </Td> <Td> Cardinal </Td> <Td> </Td> <Td> Baltimore toward New York City </Td> </Tr> <Tr> <Td> Alexandria toward Charlotte </Td> <Td> </Td> <Td> Carolinian </Td> <Td> </Td> </Tr> <Tr> <Td> Alexandria toward New Orleans </Td> <Td> </Td> <Td> Crescent </Td> <Td> </Td> </Tr> <Tr> <Td> Alexandria toward Miami </Td> <Td> </Td> <Td> Silver Meteor </Td> <Td> </Td> </Tr> <Tr> <Td> </Td> <Td> Silver Star </Td> <Td> </Td> </Tr> <Tr> <Td> Alexandria toward Norfolk , Newport News , or Roanoke </Td> <Td> </Td> <Td> Northeast Regional </Td> <Td> </Td> <Td> New Carrollton toward Boston South Station or Springfield </Td> </Tr> <Tr> <Td> Alexandria toward Savannah </Td> <Td> </Td> <Td> Palmetto </Td> <Td> </Td> <Td> New Carrollton toward New York City </Td> </Tr> <Tr> <Th colspan=""5""> MARC </Th> </Tr> <Tr> <Td> Silver Spring toward Martinsburg or Frederick </Td> <Td> </Td> <Td> Brunswick Line </Td> <Td> </Td> <Td> Terminus </Td> </Tr> <Tr> <Td> Terminus </Td> <Td> </Td> <Td> Camden Line </Td> <Td> </Td> <Td> Riverdale toward Camden Station </Td> </Tr> <Tr> <Td> </Td> <Td> Penn Line </Td> <Td> </Td> <Td> New Carrollton toward Perryville </Td> </Tr> <Tr> <Th colspan=""5""> Virginia Railway Express </Th> </Tr> <Tr> <Td> L'Enfant toward Broad Run </Td> <Td> </Td> <Td> Manassas Line </Td> <Td> </Td> <Td> Terminus </Td> </Tr> <Tr> <Td> L'Enfant toward Spotsylvania </Td> <Td> </Td> <Td> Fredericksburg Line </Td> <Td> </Td> </Tr> <Tr> <Td> </Td> <Td colspan=""3""> Out - of - system interchange </Td> <Td> </Td> </Tr> <Tr> <Th colspan=""5""> DC Streetcar </Th> </Tr> <Tr> <Td> Terminus </Td> <Td> </Td> <Td> H Street / Benning Road Line </Td> <Td> </Td> <Td> 3rd Street toward Oklahoma Avenue </Td> </Tr> <Tr> <Td> </Td> <Td colspan=""3""> Former services </Td> <Td> </Td> </Tr> <Tr> <Th colspan=""5""> Baltimore and Ohio </Th> </Tr> <Tr> <Td> Silver Spring ( Metropolitan Branch ) toward Chicago Grand Central Station </Td> <Td> </Td> <Td> Main Line </Td> <Td> </Td> <Td> Hyattsville ( Washington Branch ) toward Baltimore Mount Royal Station </Td> </Tr> <Tr> <Th colspan=""5""> Pennsylvania Railroad </Th> </Tr> <Tr> <Td> Terminus </Td> <Td> </Td> <Td> Federal Express </Td> <Td> </Td> <Td> Landover toward New York City </Td> </Tr> <Tr> <Th colspan=""5""> Amtrak </Th> </Tr> <Tr> <Td> Alexandria toward Tri-State Station </Td> <Td> </Td> <Td> Hilltopper </Td> <Td> </Td> <Td> New Carrollton toward Boston South Station </Td> </Tr> <Tr> <Td> Silver Spring toward Cincinnati </Td> <Td> </Td> <Td> Shenandoah </Td> <Td> </Td> <Td> Terminus </Td> </Tr> </Table> </Td> </Tr> <Tr> <Td colspan=""2""> </Td> </Tr> <Tr> <Td colspan=""2""> </Td> </Tr> <Tr> <Td colspan=""2""> Washington D.C. Union Station </Td> </Tr> <Tr> <Td colspan=""2""> U.S. National Register of Historic Places </Td> </Tr> <Tr> <Td colspan=""2""> </Td> </Tr> <Tr> <Td colspan=""2""> </Td> </Tr> <Tr> <Th> Built </Th> <Td> 1908 </Td> </Tr> <Tr> <Th> Architect </Th> <Td> D.H. Burnham & Company ( William Pierce Anderson , Daniel Burnham ) </Td> </Tr> <Tr> <Th> Architectural style </Th> <Td> Classical , Beaux - Arts , among others </Td> </Tr> <Tr> <Th> NRHP reference # </Th> <Td> 69000302 </Td> </Tr> <Tr> <Th> Designated </Th> <Td> March 24 , 1969 </Td> </Tr> <Tr> <Td colspan=""2""> </Td> </Tr> </Table> "	union station in washington dc	located	"50 Massachusetts Avenue NE Washington , DC United States"
where is bigg boss tamil house is located	<Tr> <Th> Location ( s ) </Th> <Td> Chennai </Td> </Tr> 	bigg boss tamil house	located	Chennai
where was the iceberg that the titanic hit	"<P> Titanic was planned to arrive at New York Pier 59 on the morning of 17 April . After leaving Queenstown Titanic followed the Irish coast as far as Fastnet Rock , a distance of some 55 nautical miles ( 63 mi ; 102 km ) . From there she travelled 1,620 nautical miles ( 1,860 mi ; 3,000 km ) along a Great Circle route across the North Atlantic to reach a spot in the ocean known as `` the corner '' south - east of Newfoundland , where westbound steamers carried out a change of course . Titanic sailed only a few hours past the corner on a rhumb line leg of 1,023 nautical miles ( 1,177 mi ; 1,895 km ) to Nantucket Shoals Light when she made her fatal contact with an iceberg . The final leg of the journey would have been 193 nautical miles ( 222 mi ; 357 km ) to Ambrose Light and finally to New York Harbor . </P> "	iceberg that the titanic hit	hit	Nantucket Shoals Light
where do the blood vessels that supply the retinal cells lie	"<P> At first glance , one may think that the vertebrate retina is `` wired wrongly '' or `` badly designed '' ; but in fact , the retina could not function if it were not inverted . The photoreceptor layer must be embedded in the retinal pigment epithelium ( RPE ) , which performs at least seven vital functions , one of the most obvious being to supply oxygen and other necessary nutrients needed for the photoreceptors to function . These nutrients include glucose , fatty acids , and retinal . The mammalian photoreceptor amplification process uses large quantities energy for vision in photopic conditions ( requiring less under scotopic conditions ) and , thus , requires the large supply nutrients supplied by the blood vessels in the choroid , which lies beyond the RPE . The choroid supplies about 75 % of these nutrients to the retina and the retinal vasculature only 25 % . </P> "	blood vessels that supply the retinal cells	lie	choroid
where was the film the remains of the day filmed	"<P> A number of English country estates were used as locations for the film , partly owing to the persuasive power of Ismail Merchant , who was able to cajole permission for the production to borrow houses not normally open to the public . Among them were Dyrham Park for the exterior of the house and the driveway , Powderham Castle ( staircase , hall , music room , bedroom ; used for the aqua - turquoise stairway scenes ) , Corsham Court ( library and dining room ) and Badminton House ( servants ' quarters , conservatory , entrance hall ) . Luciana Arrighi , the production designer , scouted most of these locations . Scenes were also shot in Weston - super-Mare , which stood in for Clevedon . The pub where Mr Stevens stays is the Hop Pole in Limpley Stoke ; the shop featured is also in Limpley Stoke . The pub where Miss Kenton and Mr Benn meet is the George Inn , Norton St Philip . </P> "	film the remains of the day	filmed	"Dyrham Park, Powderham Castle, Corsham Court, and Badminton House"
where was the remake of wake in fright filmed	"<P> Principal photography for Wake in Fright took place in Broken Hill and Sydney . Beginning on March 5 , 2017 , the shoot lasted five weeks . </P> "	remake of wake in fright	filmed	Broken Hill and Sydney
where are the spore containing sori of a fern found	"<P> In ferns , these form a yellowish or brownish mass on the edge or underside of a fertile frond . In some species , they are protected during development by a scale or film of tissue called the indusium , which forms an umbrella - like cover . </P> "	spore containing sori of a fern	found	edge or underside of a fertile frond
